City_ID,City,Lat,Lng,Max Temp,Humidity,Cloudiness,Wind Speed,Country,Date
0,hithadhoo,-0.6,73.0833,27.64,72,9,5.21,MV,1730670467
1,coahuayana de hidalgo,18.7,-103.6583,29.36,70,66,2.51,MX,1730670468
2,sumbawa besar,-8.5,117.4333,23.84,90,32,1.91,ID,1730670469
3,cabedelo,-6.9811,-34.8339,26.37,73,5,6.13,BR,1730670470
4,cidreira,-30.1811,-50.2056,21.68,85,100,6.73,BR,1730670472
5,ust-nera,64.5667,143.2,-25.11,100,99,2.27,RU,1730670473
6,la ronge,55.1001,-105.2842,3.14,87,100,4.12,CA,1730670474
7,tiksi,71.6872,128.8694,-24.72,100,98,1.95,RU,1730670475
8,alibag,18.6411,72.8792,26.41,65,7,2.42,IN,1730670476
9,west island,-12.1568,96.8225,25.99,89,75,6.69,CC,1730670478
10,remire-montjoly,4.9167,-52.2667,29.02,79,0,4.63,GF,1730670479
11,bethel,41.3712,-73.414,9.5,40,6,0.89,US,1730670480
12,kunming,25.0389,102.7183,11.96,94,75,2.0,CN,1730670481
13,katabu,-4.9333,122.5167,24.32,91,100,1.64,ID,1730670482
14,adamstown,-25.066,-130.1015,20.79,74,70,4.77,PN,1730670483
15,fisterra,42.9049,-9.2629,17.17,75,7,3.43,ES,1730670485
16,machachi,-0.5,-78.5667,11.88,92,97,2.0,EC,1730670486
17,hermanus,-34.4187,19.2345,13.78,60,100,6.91,ZA,1730670487
18,georgetown,5.4112,100.3354,26.96,88,20,1.54,MY,1730670488
19,turbat,26.0023,63.044,26.38,44,0,0.88,PK,1730670491
20,albany,42.6001,-73.9662,7.23,54,5,0.64,US,1730670492
21,wagar,16.1525,36.2032,27.88,48,24,5.09,SD,1730670493
22,blackmans bay,-43.0167,147.3167,12.07,71,100,0.89,AU,1730670494
23,bredasdorp,-34.5322,20.0403,13.6,61,100,5.39,ZA,1730670495
24,port-aux-francais,-49.35,70.2167,4.8,88,13,12.39,TF,1730670496
25,kavaratti,10.5669,72.642,27.48,77,96,1.91,IN,1730670498
26,shache,38.4167,77.2406,9.61,39,23,0.7,CN,1730670499
27,asbe teferi,9.0833,40.8667,16.38,60,54,0.56,ET,1730670500
28,edinburgh of the seven seas,-37.0676,-12.3116,12.11,68,95,6.99,SH,1730670501
29,oban,56.4127,-5.4706,10.28,82,100,1.77,GB,1730670502
30,stony plain,53.5334,-114.0021,8.18,49,0,4.12,CA,1730670504
31,cienaga,11.007,-74.2476,27.21,89,40,2.06,CO,1730670505
32,callao,-12.0667,-77.15,20.16,77,75,6.17,PE,1730670506
33,ta`u,-14.2336,-169.5144,27.38,82,61,6.49,AS,1730670507
34,mezhdurechenskiy,59.6,65.9333,-2.15,73,100,8.38,RU,1730670508
35,dudinka,69.4058,86.1778,-4.02,72,100,11.3,RU,1730670510
36,maceio,-9.6658,-35.7353,25.69,73,20,4.63,BR,1730670511
37,hasaki,35.7333,140.8333,18.9,59,0,3.23,JP,1730670512
38,morondava,-20.2833,44.2833,24.91,83,2,0.64,MG,1730670513
39,weno,7.4515,151.8468,28.97,74,100,2.57,FM,1730670515
40,port mathurin,-19.6833,63.4167,23.78,78,68,7.7,MU,1730670517
41,hawaiian paradise park,19.5933,-154.9731,27.73,76,75,2.06,US,1730670518
42,karaman,37.0833,33.25,5.65,77,57,2.89,TR,1730670519
43,areia branca,-4.9561,-37.1369,26.11,75,26,12.5,BR,1730670520
44,grytviken,-54.2811,-36.5092,0.58,72,38,9.16,GS,1730670521
45,saint augustine beach,29.8505,-81.2654,26.7,83,40,4.12,US,1730670523
46,marsa alam,25.0757,34.8918,22.23,56,0,2.11,EG,1730670524
47,iskateley,67.6803,53.1512,-2.24,83,100,6.24,RU,1730670525
48,aioun,16.6614,-9.6149,30.88,14,59,4.2,MR,1730670526
49,mount gambier,-37.8333,140.7667,14.24,61,72,3.21,AU,1730670309
50,walvis bay,-22.9575,14.5053,14.53,88,5,1.54,NA,1730670529
51,olonkinbyen,70.9221,-8.7187,0.23,86,100,7.22,SJ,1730670530
52,muang phonsavan,19.45,103.2167,12.49,100,47,1.16,LA,1730670531
53,sitka,57.0531,-135.33,8.94,71,100,6.69,US,1730670532
54,lebu,-37.6167,-73.65,10.27,92,100,0.47,CL,1730670533
55,puerto natales,-51.7236,-72.4875,10.25,50,75,12.35,CL,1730670534
56,buka,40.8108,69.1986,14.84,36,100,0.4,UZ,1730670536
57,lospalos,-8.5186,127.0025,23.26,81,100,1.81,TL,1730670537
58,cromer,52.9312,1.2989,10.64,81,3,1.34,GB,1730670538
59,inhambane,-23.865,35.3833,23.22,80,0,4.87,MZ,1730670539
60,jamestown,42.097,-79.2353,14.8,28,0,4.63,US,1730670540
61,clearwater,27.9659,-82.8001,28.32,70,75,8.23,US,1730670343
62,tambura,5.6,27.4667,21.4,85,94,0.44,SS,1730670543
63,achinsk,56.2694,90.4993,3.12,84,100,5.99,RU,1730670544
64,kristiansund,63.1115,7.732,7.85,93,75,0.51,NO,1730670545
65,coronel suarez,-37.4547,-61.9334,14.13,60,100,1.87,AR,1730670546
66,thompson,55.7435,-97.8558,1.09,100,100,1.54,CA,1730670547
67,tazovsky,67.4667,78.7,-0.79,97,100,9.09,RU,1730670549
68,waitangi,-43.9535,-176.5597,10.46,75,94,2.24,NZ,1730670550
69,papatowai,-46.5619,169.4708,13.38,51,100,3.33,NZ,1730670551
70,kholmsk,47.0511,142.0569,1.33,63,100,3.94,RU,1730670552
71,ochobo,7.183,7.9769,24.34,55,45,0.58,NG,1730670553
72,crieff,56.3727,-3.8389,8.2,87,100,0.94,GB,1730670555
73,kasongo-lunda,-6.4667,16.8167,20.39,94,47,0.99,CD,1730670556
74,nazarovo,56.0064,90.3914,2.56,83,100,5.56,RU,1730670557
75,nicoya,10.1483,-85.452,25.1,94,100,1.99,CR,1730670558
76,chonchi,-42.6128,-73.8092,12.29,81,30,3.62,CL,1730670559
77,new norfolk,-42.7826,147.0587,12.18,60,100,3.52,AU,1730670560
78,katsuura,35.1333,140.3,18.57,65,0,1.44,JP,1730670562
79,vilyuchinsk,52.9306,158.4028,-7.85,70,57,4.22,RU,1730670563
80,lazaro cardenas,17.9583,-102.2,28.83,71,22,3.05,MX,1730670564
81,augusto correa,-1.0217,-46.635,26.13,75,100,3.31,BR,1730670565
82,port saint john's,-31.6229,29.5448,20.14,90,100,2.03,ZA,1730670566
83,boguchany,58.3814,97.4531,-6.53,67,94,1.63,RU,1730670568
84,nar'yan-mar,67.6713,53.087,-2.24,84,100,6.17,RU,1730670569
85,ancud,-41.8697,-73.8203,9.9,83,13,7.47,CL,1730670570
86,yaren,-0.5472,166.916,28.18,66,69,1.69,NR,1730670571
87,magadan,59.5667,150.8,-11.44,71,54,5.07,RU,1730670572
88,perevolotskiy,51.8763,54.1938,-2.51,76,28,3.21,RU,1730670573
89,enewetak,11.3474,162.3373,28.37,74,88,2.28,MH,1730670575
90,yellowknife,62.456,-114.3525,-1.99,99,100,4.12,CA,1730670576
91,udachny,66.4167,112.4,-29.23,100,80,1.95,RU,1730670577
92,caleta de carquin,-11.0925,-77.6267,19.89,80,45,5.02,PE,1730670578
93,tazacorte,28.629,-17.9293,21.54,88,20,3.58,ES,1730670579
94,gucheng chengguanzhen,32.266,111.6348,18.41,37,95,2.33,CN,1730670581
95,camabatela,-8.1881,15.375,16.61,96,98,1.17,AO,1730670582
96,iqaluit,63.7506,-68.5145,-9.15,85,75,3.6,CA,1730670584
97,santa ana,33.7456,-117.8678,23.8,45,20,4.63,US,1730670327
98,bilibino,68.0546,166.4372,-24.93,98,59,2.63,RU,1730670587
99,avarua,-21.2078,-159.775,27.03,69,56,6.17,CK,1730670588
100,presidente epitacio,-21.7633,-52.1156,25.96,72,90,3.92,BR,1730670589
101,labasa,-16.4167,179.3833,28.96,68,67,0.6,FJ,1730670590
102,patrocinio,-18.9439,-46.9925,18.58,95,100,2.83,BR,1730670591
103,hadibu,12.65,54.0333,26.25,79,22,1.45,YE,1730670593
104,invercargill,-46.4,168.35,13.9,65,99,6.71,NZ,1730670594
105,beyneu,45.3167,55.2,6.63,62,100,8.6,KZ,1730670596
106,totness,5.8833,-56.3167,27.53,81,62,4.86,SR,1730670597
107,pyt-yakh,60.7499,72.8582,-1.91,68,100,8.7,RU,1730670598
108,alice springs,-23.7,133.8833,28.75,26,100,4.63,AU,1730670600
109,usinsk,65.9939,57.5281,-2.1,95,100,10.04,RU,1730670601
110,wailua homesteads,22.0669,-159.378,27.44,78,40,6.17,US,1730670602
111,pangody,65.85,74.4859,-3.32,94,97,8.79,RU,1730670603
112,longyearbyen,78.2186,15.6401,-1.09,74,75,6.17,SJ,1730670604
113,el nido,11.1858,119.3956,25.64,97,100,3.59,PH,1730670606
114,mili,6.0815,171.735,27.98,75,100,2.35,MH,1730670607
115,lompoc,34.6391,-120.4579,20.29,51,0,7.2,US,1730670608
116,olinda,-8.0089,-34.8553,26.85,69,40,6.17,BR,1730670609
117,sirjan,29.452,55.6814,17.34,38,0,1.4,IR,1730670610
118,karachi,24.9056,67.0822,24.9,83,0,2.06,PK,1730670612
119,talnakh,69.4865,88.3972,-10.98,78,96,5.24,RU,1730670613
120,dunedin,-45.8742,170.5036,9.89,82,99,1.34,NZ,1730670614
121,mersa matruh,31.3525,27.2453,22.11,68,40,4.63,EG,1730670615
122,aykol,38.1751,77.2132,9.49,39,0,1.15,CN,1730670616
123,megion,61.0296,76.1136,-0.99,71,80,9.82,RU,1730670617
124,port lincoln,-34.7333,135.8667,15.0,70,0,0.91,AU,1730670619
125,kota,25.1833,75.8333,23.82,34,0,2.12,IN,1730670620
126,dalandzadgad,43.5708,104.425,1.25,52,100,2.64,MN,1730670621
127,isafjordur,66.0755,-23.124,4.73,98,100,5.85,IS,1730670622
128,tevriz,57.509,72.4042,-0.68,59,54,5.41,RU,1730670625
129,urucui,-7.2294,-44.5561,31.6,34,44,1.66,BR,1730670626
130,kuhmo,64.1333,29.5167,-2.4,70,8,4.1,FI,1730670627
131,eregli,37.5133,34.0467,8.24,58,94,2.37,TR,1730670628
132,kerikeri,-35.2268,173.9474,17.3,45,5,0.98,NZ,1730670629
133,plettenberg bay,-34.0527,23.3716,15.01,88,100,5.51,ZA,1730670631
134,kingston,17.997,-76.7936,27.53,83,75,4.12,JM,1730670632
135,jajpur,20.85,86.3333,22.03,77,8,1.36,IN,1730670633
136,whitehorse,60.7161,-135.0538,3.43,74,75,7.2,CA,1730670337
137,haiku-pauwela,20.9219,-156.3051,28.47,72,62,13.86,US,1730670635
138,bagnols-sur-ceze,44.1599,4.6178,8.92,100,5,1.03,FR,1730670637
139,al mahwit,15.4701,43.5448,14.0,77,0,0.2,YE,1730670638
140,puerto ayora,-0.7393,-90.3518,21.61,67,26,5.86,EC,1730670639
141,sola,-13.8833,167.55,27.37,83,75,2.06,VU,1730670640
142,metlili chaamba,32.2667,3.6333,18.52,72,75,4.12,DZ,1730670641
143,freetown,8.484,-13.2299,26.2,85,60,2.91,SL,1730670642
144,kodiak,57.79,-152.4072,5.73,52,0,7.2,US,1730670644
145,kolonia,50.9333,6.95,8.26,87,0,2.57,DE,1730670645
146,qaqortoq,60.7167,-46.0333,-0.59,82,100,1.29,GL,1730670646
147,halifax,44.6453,-63.5724,4.08,64,15,2.68,CA,1730670374
148,ilulissat,69.2167,-51.1,-2.99,63,100,9.26,GL,1730670648
149,carnarvon,-24.8667,113.6333,19.99,78,17,5.89,AU,1730670649
150,aswan,24.0934,32.907,21.61,32,0,0.0,EG,1730670651
151,morehead city,34.7229,-76.726,17.23,76,100,5.36,US,1730670652
152,pont rouge,48.8833,-72.0825,0.71,64,52,2.11,CA,1730670653
153,chehalis,46.662,-122.964,12.82,76,0,3.09,US,1730670622
154,ponta delgada,37.7333,-25.6667,19.4,77,40,3.6,PT,1730670658
155,ulladulla,-35.35,150.4667,17.03,74,100,1.55,AU,1730670659
156,sibolga,1.7427,98.7792,24.2,87,100,1.23,ID,1730670660
157,tibiri,13.5627,7.0485,25.54,22,32,4.53,NE,1730670661
158,talata mafara,12.5732,6.0597,23.91,23,55,3.72,NG,1730670663
159,tolanaro,-25.0319,46.9987,24.04,88,40,8.23,MG,1730670665
160,myrina,39.8797,25.0742,13.58,58,20,4.63,GR,1730670666
161,punta arenas,-53.15,-70.9167,11.06,58,75,6.69,CL,1730670667
162,badger,64.8,-147.5333,-4.07,82,100,1.54,US,1730670670
163,margaret river,-33.95,115.0667,12.14,77,11,0.72,AU,1730670671
164,zhalantun,48.0,122.7167,-4.47,51,9,3.25,CN,1730670672
165,ghadamis,30.1337,9.5007,23.42,35,81,3.65,LY,1730670673
166,muang khong,14.1167,105.85,21.59,96,93,0.99,LA,1730670674
167,road town,18.4167,-64.6167,29.02,79,40,1.54,VG,1730670676
168,igarka,67.4667,86.5833,-5.12,93,100,14.47,RU,1730670677
169,stanley,54.868,-1.6985,9.01,93,75,1.54,GB,1730670678
170,bayganin,48.6947,55.8742,-0.46,63,47,3.52,KZ,1730670679
171,al khaburah,23.9886,57.0984,27.51,51,0,1.41,OM,1730670680
172,madimba,-10.4,40.3333,25.06,84,5,2.96,TZ,1730670682
173,savonlinna,61.8699,28.88,-0.97,86,20,4.12,FI,1730670683
174,baardheere,2.3446,42.2764,26.59,73,22,4.53,SO,1730670684
175,bondo,3.8146,23.6866,21.04,96,91,0.44,CD,1730670685
176,shimoda,34.6667,138.95,17.74,69,0,1.18,JP,1730670686
177,emerald,-23.5333,148.1667,22.97,71,38,3.96,AU,1730670687
178,romblon,12.5751,122.2708,27.38,82,100,6.8,PH,1730670689
179,dedovichi,57.5517,29.9502,0.42,97,100,7.51,RU,1730670690
180,nemuro,43.3236,145.575,7.44,85,100,5.54,JP,1730670691
181,rongelap,11.1635,166.8941,28.22,75,100,0.47,MH,1730670692
182,ebon,4.582,168.6964,28.49,72,94,5.08,MH,1730670693
183,oranjemund,-28.55,16.4333,14.48,92,77,5.14,NA,1730670695
184,kamwenge,0.1866,30.4539,16.68,94,88,0.22,UG,1730670696
185,kapa'a,22.0752,-159.319,28.18,78,40,6.17,US,1730670697
186,puerto princesa,9.7392,118.7353,26.99,83,100,2.06,PH,1730670698
187,bonthe,7.5264,-12.505,26.15,85,47,1.79,SL,1730670699
188,tambopata,-12.7333,-69.1833,33.94,46,20,3.09,PE,1730670700
189,ti port-de-paix,19.9333,-72.8333,27.13,80,38,2.28,HT,1730670702
190,jodhpur,26.2867,73.03,26.19,31,0,3.46,IN,1730670703
191,khlevnoye,52.1951,39.0932,0.56,68,100,5.2,RU,1730670704
192,atafu village,-8.5421,-172.5159,28.2,73,53,3.65,TK,1730670705
193,zalec,46.2515,15.1648,3.64,92,37,0.87,SI,1730670706
194,malango,-2.9627,119.9001,18.6,98,96,0.91,ID,1730670707
195,acajutla,13.5928,-89.8275,28.13,70,83,1.76,SV,1730670423
196,masterton,-40.9597,175.6575,14.0,44,72,1.2,NZ,1730670617
197,labuan,5.2767,115.2417,24.2,100,40,1.03,MY,1730670711
198,berezovskiy,55.6,86.2,4.98,92,100,5.22,RU,1730670712
199,severo-yeniseyskiy,60.3725,93.0408,-2.39,93,100,3.26,RU,1730670713
200,fale old settlement,-9.3852,-171.2468,28.02,76,66,3.63,TK,1730670716
201,tsiombe,-25.3,45.4833,23.15,84,27,7.7,MG,1730670717
202,balsas,-7.5325,-46.0356,33.74,28,53,2.14,BR,1730670718
203,ushuaia,-54.8,-68.3,9.81,66,20,8.23,AR,1730670719
204,namibe,-15.1961,12.1522,19.68,83,77,1.84,AO,1730670721
205,marsabit,2.3284,37.9899,21.94,53,70,4.79,KE,1730670722
206,gadzhiyevo,69.2551,33.3362,2.59,70,100,11.76,RU,1730670723
207,vadso,70.0744,29.7487,0.09,80,20,8.75,NO,1730670724
208,colonia,50.9333,6.95,8.26,87,0,2.57,DE,1730670706
209,jinji,23.2281,110.8261,19.69,92,100,1.22,CN,1730670726
210,bontang,0.1333,117.5,24.8,92,100,3.3,ID,1730670728
211,naze,28.3667,129.4833,23.51,74,28,3.71,JP,1730670729
212,west plains,36.7281,-91.8524,17.46,94,100,4.63,US,1730670730
213,grand falls-windsor,48.9332,-55.6649,0.84,66,76,1.79,CA,1730670731
214,loa janan,-0.583,117.095,23.04,99,100,0.63,ID,1730670732
215,kribi,2.95,9.9167,25.83,87,100,2.63,CM,1730670733
216,al muwayh,22.4333,41.7583,23.9,64,4,2.91,SA,1730670735
217,hedaru,-4.5,37.9,22.04,79,22,1.83,TZ,1730670737
218,capitan bado,-23.2667,-55.5333,22.59,88,100,1.07,PY,1730670738
219,ndele,8.4109,20.6473,22.92,86,100,0.86,CF,1730670739
220,hau-ri,41.2006,129.4703,7.97,64,76,1.85,KP,1730670741
221,oebisfelde,52.4333,10.9833,4.46,78,71,2.12,DE,1730670742
222,lionel town,17.8101,-77.2406,28.42,72,33,3.38,JM,1730670743
223,kill devil hills,36.0307,-75.676,16.1,68,40,5.14,US,1730670744
224,klyuchi,52.2667,79.1667,8.21,71,35,8.58,RU,1730670745
225,el quebrachal,-25.2833,-64.0667,26.4,63,38,0.96,AR,1730670746
226,arawa,-6.2132,155.5367,29.14,73,23,0.69,PG,1730670748
227,cedeira,43.6797,-8.0209,13.32,1,2,2.53,ES,1730670749
228,fortuna,40.5982,-124.1573,15.19,74,20,7.72,US,1730670750
229,aksu,41.1231,80.2644,8.44,48,0,0.72,CN,1730670751
230,port elizabeth,-33.918,25.5701,16.84,90,0,5.14,ZA,1730670752
231,bikenibeu village,1.3673,173.1241,28.98,79,40,0.0,KI,1730670753
232,la peca,-5.6111,-78.435,28.36,48,100,0.77,PE,1730670755
233,touros,-5.1989,-35.4608,25.14,74,88,6.44,BR,1730670756
234,vapnyarka,48.5348,28.7436,2.75,73,84,5.99,UA,1730670757
235,petropavlovsk-kamchatsky,53.0452,158.6483,-8.67,57,0,3.0,RU,1730670758
236,smithers,54.7804,-127.1743,6.18,70,75,1.54,CA,1730670602
237,shwebo,22.5667,95.7,22.41,93,0,2.16,MM,1730670761
238,nova vicosa,-17.8919,-39.3719,24.16,82,100,3.51,BR,1730670762
239,uacu cungo,-11.3634,15.1208,17.57,97,100,1.09,AO,1730670763
240,timmins,48.4669,-81.3331,6.9,70,75,3.09,CA,1730670764
241,calvinia,-31.4707,19.776,10.66,59,100,3.22,ZA,1730670765
242,trinidad,-14.8333,-64.9,31.99,66,75,2.06,BO,1730670766
243,svobodnyy,51.4,128.1333,-6.07,88,100,5.25,RU,1730670768
244,bratsk,56.1325,101.6142,-9.73,54,54,1.55,RU,1730670769
245,la'ie,21.6477,-157.9253,28.66,76,17,0.89,US,1730670770
246,farafangana,-22.8167,47.8333,23.47,89,8,2.31,MG,1730670771
247,afaahiti,-17.75,-149.2833,24.78,65,10,1.45,PF,1730670772
248,xihe,31.6864,113.4659,18.12,47,47,3.45,CN,1730670773
249,makubetsu,45.3714,141.8211,4.25,93,100,5.97,JP,1730670775
250,wanganui,-39.9333,175.05,12.78,48,79,3.99,NZ,1730670776
251,keflavik,64.0049,-22.5624,10.24,100,100,12.86,IS,1730670777
252,monte patria,-30.6919,-70.9467,20.07,32,0,3.43,CL,1730670778
253,kismayo,-0.3582,42.5454,26.24,85,5,4.35,SO,1730670779
254,gwanda,-20.9333,29.0,23.88,27,2,3.44,ZW,1730670781
255,crescent city,41.756,-124.2018,14.42,77,0,6.17,US,1730670782
256,susanville,40.4163,-120.653,10.46,44,27,3.13,US,1730670700
257,maamba,-17.3667,27.15,26.47,39,19,1.47,ZM,1730670784
258,st. john's,47.5649,-52.7093,2.93,75,75,3.6,CA,1730670785
259,college,64.8569,-147.8028,-4.03,83,75,1.54,US,1730670788
260,chegdomyn,51.1167,133.0167,-3.67,96,100,0.53,RU,1730670789
261,sirte,31.2089,16.5887,20.94,66,20,3.81,LY,1730670790
262,saudarkrokur,65.7461,-19.6394,9.21,85,100,8.36,IS,1730670791
263,calp,38.6447,0.0445,17.04,87,16,4.57,ES,1730670794
264,ola,59.5833,151.2833,-11.74,73,58,5.5,RU,1730670795
265,nili,33.7218,66.1302,9.97,40,1,1.26,AF,1730670796
266,geraldton,-28.7667,114.6,17.23,67,100,3.6,AU,1730670696
267,saint andrews,34.0454,-81.1293,20.85,47,100,5.14,US,1730670798
268,san antonio de pale,-1.4014,5.6325,25.61,82,45,4.88,GQ,1730670800
269,tura,25.5198,90.2201,19.46,89,0,1.65,IN,1730670801
270,weligama,5.9667,80.4167,24.72,88,100,1.32,LK,1730670802
271,porto velho,-8.7619,-63.9039,27.03,78,40,2.06,BR,1730670803
272,tanjung selor,2.8372,117.3642,22.99,98,88,1.02,ID,1730670804
273,lambarene,-0.7001,10.2406,23.92,97,100,1.74,GA,1730670806
274,machico,32.7,-16.7667,22.23,76,40,6.69,PT,1730670807
275,yasnyy,51.0333,59.8742,-2.42,73,47,4.01,RU,1730670808
276,askoy,60.4092,5.226,10.16,93,75,1.54,NO,1730670809
277,polyarnyy,69.1989,33.4478,2.62,70,100,11.9,RU,1730670810
278,puerto ayacucho,5.6639,-67.6236,28.71,75,92,1.52,VE,1730670811
279,kone,-21.0595,164.8658,27.49,48,96,1.46,NC,1730670813
280,kailua-kona,19.6406,-155.9956,27.98,81,75,4.12,US,1730670814
281,mastic beach,40.7668,-72.8521,10.16,60,16,2.54,US,1730670816
282,mombris,50.0667,9.1667,5.35,94,7,1.51,DE,1730670817
283,crane,31.3974,-102.3501,26.59,18,0,3.24,US,1730670819
284,tripoli,32.8752,13.1875,20.92,65,1,3.1,LY,1730670820
285,necochea,-38.5473,-58.7368,17.4,40,98,7.93,AR,1730670821
286,kaa-khem,51.6833,94.7333,-5.14,67,27,1.89,RU,1730670822
287,bovalino,38.149,16.174,14.61,81,43,2.21,IT,1730670823
288,luderitz,-26.6481,15.1594,15.43,66,33,9.25,NA,1730670824
289,puerto baquerizo moreno,-0.9,-89.6,24.55,65,40,6.69,EC,1730670826
290,susuman,62.7833,148.1667,-22.62,98,100,1.43,RU,1730670827
291,camocim,-2.9022,-40.8411,26.25,73,30,10.45,BR,1730670828
292,rabak,13.1809,32.74,27.71,19,31,5.71,SD,1730670829
293,svetlogorsk,52.6333,29.7333,5.56,46,100,9.83,BY,1730670830
294,port alfred,-33.5906,26.891,17.88,91,65,1.34,ZA,1730670833
295,minas de marcona,-15.2119,-75.1103,16.27,73,11,7.74,PE,1730670687
296,bam,29.106,58.357,24.35,30,0,3.34,IR,1730670836
297,bel air north,39.5543,-76.3731,12.83,44,78,0.89,US,1730670838
298,melekeok village,7.4957,134.6367,26.31,89,75,4.63,PW,1730670839
299,somero,60.6167,23.5333,0.25,81,96,4.78,FI,1730670840
300,nuuk,64.1835,-51.7216,-3.66,74,75,4.12,GL,1730670841
301,lankaran,38.7543,48.8506,12.04,100,100,4.12,AZ,1730670842
302,sinazongwe,-17.2614,27.4618,27.73,49,8,0.7,ZM,1730670843
303,mana,5.6592,-53.7767,27.3,83,53,5.06,GF,1730670845
304,yuza,39.0,139.9167,10.49,65,0,3.45,JP,1730670846
305,nadvoitsy,63.8667,34.3167,-4.0,81,17,3.88,RU,1730670847
306,ketchikan,55.3422,-131.6461,8.26,87,100,5.66,US,1730670848
307,mount pearl,47.5166,-52.7813,2.47,72,75,3.6,CA,1730670849
308,yuto,-23.6434,-64.4719,25.79,83,100,1.27,AR,1730670850
309,santana,-0.0583,-51.1817,30.1,74,0,6.17,BR,1730670852
310,lorengau,-2.0226,147.2712,28.02,80,23,3.07,PG,1730670853
311,taksimo,56.3444,114.8794,-8.93,92,100,1.21,RU,1730670854
312,troitsko-pechorsk,62.7084,56.1964,-3.33,91,100,6.83,RU,1730670855
313,port blair,11.6667,92.75,26.02,94,40,1.03,IN,1730670856
314,alofi,-19.0595,-169.9187,27.94,74,75,4.12,NU,1730670858
315,sitangkai,4.6628,119.3928,27.51,81,100,4.37,PH,1730670859
316,saldanha,-33.0117,17.9442,14.03,70,100,7.56,ZA,1730670860
317,tofol,5.3248,163.0078,27.65,77,100,7.54,FM,1730670861
318,conceicao da barra,-18.5933,-39.7322,23.24,85,97,2.15,BR,1730670862
319,saipan,15.1355,145.701,26.39,94,40,3.09,MP,1730670864
320,darwin,-12.4611,130.8418,27.75,83,20,0.0,AU,1730670673
321,labytnangi,66.6572,66.4183,-1.44,97,100,5.96,RU,1730670866
322,tanout,14.9709,8.8879,24.71,19,100,5.0,NE,1730670867
323,vorgashor,67.5833,63.95,-4.69,89,100,6.92,RU,1730670868
324,nalut,30.3333,10.85,20.65,43,1,5.11,LY,1730670869
325,caraguatatuba,-23.6338,-45.4899,20.49,100,100,0.95,BR,1730670871
326,tukrah,32.5341,20.5791,19.21,67,0,4.02,LY,1730670872
327,champerico,14.3,-91.9167,28.73,73,100,3.48,GT,1730670873
328,vanimo,-2.6741,141.3028,26.15,90,68,2.98,PG,1730670874
329,yuzhno-kurilsk,44.0306,145.8556,6.26,84,96,4.23,RU,1730670705
330,uturoa,-16.7333,-151.4333,25.85,66,4,1.72,PF,1730670878
331,tabou,4.423,-7.3528,25.43,88,6,2.74,CI,1730670879
332,yeppoon,-23.1333,150.7333,24.09,70,50,4.05,AU,1730670880
333,karaton,-6.3424,106.1045,21.63,98,100,0.97,ID,1730670881
334,aasiaat,68.7098,-52.8699,-8.21,87,93,0.93,GL,1730670883
335,broken hill,-31.95,141.4333,18.41,41,93,6.02,AU,1730670884
336,urucara,-2.5364,-57.76,33.87,32,19,1.49,BR,1730670885
337,wattegama,6.7989,81.4808,23.14,93,100,0.83,LK,1730670887
338,strugi-krasnyye,58.2675,29.1114,-0.11,96,100,6.97,RU,1730670888
339,anadyr,64.75,177.4833,-8.72,72,20,9.0,RU,1730670890
340,meadow lakes,61.6247,-149.6011,3.49,68,100,0.45,US,1730670891
341,khandud,36.9513,72.318,1.47,44,8,1.02,AF,1730670892
342,hoeryong,42.4428,129.7508,2.99,82,7,1.61,KP,1730670893
343,quellon,-43.1167,-73.6167,10.48,80,50,6.29,CL,1730670894
344,tongchuan,35.0806,109.0897,9.76,50,100,2.6,CN,1730670896
345,sechura,-5.5569,-80.8222,22.4,65,100,8.2,PE,1730670897
346,loukhi,66.0764,33.0381,-2.03,74,39,5.0,RU,1730670898
347,picui,-6.5106,-36.3469,24.37,60,20,10.14,BR,1730670899
348,da nang,16.0678,108.2208,22.99,94,75,0.51,VN,1730670902
349,ciudad lazaro cardenas,17.9583,-102.2,28.83,71,22,3.05,MX,1730670686
350,mahina,-17.5065,-149.489,28.87,58,0,3.6,PF,1730670904
351,shuangjiang,26.1547,109.7138,12.78,83,0,1.68,CN,1730670905
352,mejit,10.2753,170.8646,26.54,79,100,4.86,MH,1730670906
353,cerasu,45.3167,26.0333,2.84,78,16,2.02,RO,1730670907
354,greenville,35.6127,-77.3663,18.4,64,0,3.6,US,1730670909
355,port macquarie,-31.4333,152.9167,24.77,57,100,3.43,AU,1730670910
356,uniao da vitoria,-26.23,-51.0864,16.22,98,100,2.65,BR,1730670911
357,nouadhibou,20.931,-17.0347,19.13,89,0,7.36,MR,1730670912
358,kilkis,40.9919,22.8708,12.83,76,100,0.54,GR,1730670913
359,chateau-renault,47.5919,0.9114,9.86,99,5,3.22,FR,1730670915
360,yorkton,51.2167,-102.4677,6.91,81,75,2.06,CA,1730670916
361,toliara,-23.35,43.6667,24.51,80,0,1.61,MG,1730670917
362,taoudenni,22.6783,-3.9836,28.95,12,0,3.15,ML,1730670918
363,princeton,25.5384,-80.4089,27.23,82,25,3.58,US,1730670919
364,valenca do piaui,-6.4075,-41.7456,34.69,22,86,3.79,BR,1730670920
365,serenje,-13.2325,30.2352,19.36,68,4,1.81,ZM,1730670922
366,guayaramerin,-10.8368,-65.3614,25.31,87,95,1.39,BO,1730670923
367,beloyarskiy,63.7119,66.6722,-2.15,96,100,3.92,RU,1730670924
368,burnie,-41.0667,145.9167,13.53,67,94,2.68,AU,1730670925
369,novoselitskoye,44.7508,43.4369,2.11,72,11,2.56,RU,1730670926
370,mount isa,-20.7333,139.5,27.87,54,23,5.66,AU,1730670928
371,chibougamau,49.9168,-74.3659,2.79,65,20,2.57,CA,1730670929
372,tres arroyos,-38.3739,-60.2798,21.16,28,100,3.54,AR,1730670930
373,hamilton,39.1834,-84.5333,22.13,59,40,4.63,US,1730670931
374,sept-iles,50.2001,-66.3821,4.0,53,20,4.63,CA,1730670932
375,papao,-17.75,-149.55,28.82,63,11,1.11,PF,1730670933
376,homer,59.6425,-151.5483,1.94,91,100,4.92,US,1730670935
377,khanty-mansiysk,61.0042,69.0019,-1.94,69,40,12.0,RU,1730670936
378,la sarre,48.8002,-79.1996,2.2,88,100,2.83,CA,1730670937
379,salistea de sus,47.65,24.35,0.3,60,7,0.85,RO,1730670938
380,lichinga,-13.3128,35.2406,19.57,62,1,1.62,MZ,1730670939
381,lihue,21.9789,-159.3672,27.77,74,40,6.17,US,1730670941
382,lobujya,27.95,86.8167,-9.06,86,77,0.97,NP,1730670942
383,juan griego,11.0817,-63.9655,26.07,89,59,7.2,VE,1730670943
384,utrik,11.2278,169.8474,27.21,81,100,6.83,MH,1730670944
385,crystal city,28.6775,-99.8281,33.06,40,0,4.12,US,1730670945
386,arraial do cabo,-22.9661,-42.0278,24.92,88,75,8.23,BR,1730670946
387,suva,-18.1416,178.4415,25.71,78,40,4.12,FJ,1730670948
388,floro,61.5996,5.0328,7.98,100,100,3.6,NO,1730670949
389,le poinconnet,46.7641,1.7179,11.32,80,3,2.46,FR,1730670950
390,ribeira grande,38.5167,-28.7,19.22,77,20,3.09,PT,1730670951
391,labrador city,52.9463,-66.9114,-2.68,76,75,5.14,CA,1730670952
392,aykhal,66.0,111.5,-24.58,100,90,2.33,RU,1730670954
393,brookings,44.3114,-96.7984,9.0,97,100,6.17,US,1730670844
394,lata,40.1629,-8.3327,16.61,65,100,3.25,PT,1730670956
395,khorinsk,52.1657,109.7726,-10.52,69,66,1.61,RU,1730670957
396,angaur state,6.906,134.13,28.43,76,100,6.1,PW,1730670958
397,pacific grove,36.6177,-121.9166,17.98,79,0,6.69,US,1730670959
398,horta,38.5333,-28.6333,18.8,85,20,3.09,PT,1730670961
399,coyhaique,-45.5752,-72.0662,5.16,98,70,2.31,CL,1730670962
400,nizhniy odes,63.6445,54.856,-3.52,89,100,7.05,RU,1730670963
401,howrah,22.5892,88.3103,25.0,94,40,0.0,IN,1730670964
402,tangalle,6.024,80.7911,24.35,89,100,1.05,LK,1730670965
403,pemba,-12.974,40.5178,26.0,81,8,4.25,MZ,1730670967
404,rio brilhante,-21.8019,-54.5464,24.34,86,61,2.64,BR,1730670968
405,valley city,46.9233,-98.0032,8.29,100,100,6.69,US,1730670969
406,nsanje,-16.92,35.262,24.2,74,0,2.27,MW,1730670970
407,mil'kovo,55.6078,37.7956,-0.21,56,100,5.26,RU,1730670971
408,celestun,20.8667,-90.4,29.53,63,4,4.43,MX,1730670972
409,kapuskasing,49.4169,-82.4331,7.05,76,100,4.63,CA,1730670974
410,vila velha,-20.3297,-40.2925,25.97,88,75,3.6,BR,1730670975
411,makokou,0.5738,12.8642,21.17,96,99,0.44,GA,1730670976
412,madang,-5.2246,145.7966,26.24,86,69,0.62,PG,1730670977
413,puerto leguizamo,-0.1934,-74.7819,25.28,92,100,1.2,CO,1730670978
414,takoradi,4.8845,-1.7554,26.06,84,2,1.8,GH,1730670980
415,bihariganj,25.7333,86.9833,22.55,78,0,1.85,IN,1730670982
416,east london,-33.0153,27.9116,19.26,84,100,4.46,ZA,1730670984
417,lensk,60.7253,114.9278,-22.79,100,94,0.77,RU,1730670985
418,acapulco de juarez,16.8634,-99.8901,26.46,74,30,2.91,MX,1730670987
419,flying fish cove,-10.4217,105.6791,24.82,100,75,3.09,CX,1730670988
420,gizo,-8.103,156.8419,28.44,73,71,1.9,SB,1730670989
421,graaff-reinet,-32.2522,24.5308,16.62,70,55,2.73,ZA,1730670990
422,sangre grande,10.5835,-61.1177,29.98,85,52,3.08,TT,1730670991
423,praia da vitoria,38.7333,-27.0667,19.14,88,20,5.54,PT,1730670993
424,anantnag,33.7333,75.15,9.76,35,6,1.59,IN,1730670994
425,collie,-33.3667,116.15,7.98,93,8,1.21,AU,1730670995
426,north battleford,52.7834,-108.2847,2.05,75,100,4.12,CA,1730670996
427,kokoda,-8.8785,147.7407,25.31,87,100,0.87,PG,1730670997
428,recco,44.3623,9.1435,16.46,74,34,3.19,IT,1730670998
429,jumla,29.2747,82.1838,7.1,86,19,1.93,NP,1730671000
430,bandrele,-12.9067,45.1914,26.86,83,20,2.57,YT,1730671001
431,sona,45.4388,10.8255,8.51,93,5,1.54,IT,1730671002
432,kaohsiung,22.6163,120.3133,25.58,90,75,1.03,TW,1730671003
433,lubang,13.8584,120.124,27.77,78,45,9.43,PH,1730671004
434,agadez,19.75,10.25,22.89,25,3,2.96,NE,1730671006
435,aripuana,-9.1667,-60.6333,26.12,77,64,1.31,BR,1730671007
436,portland,45.5234,-122.6762,14.73,75,100,2.57,US,1730670528
437,kushiro,42.975,144.3747,5.53,87,100,4.12,JP,1730671009
438,hammerfest,70.6634,23.6821,2.25,75,100,6.69,NO,1730671010
439,karratha,-20.7377,116.8463,29.89,27,6,3.58,AU,1730671011
440,happy valley-goose bay,53.3168,-60.3315,0.17,47,20,2.57,CA,1730671013
441,sussex,41.1834,-74.6663,9.09,47,10,1.7,US,1730671014
442,bhandara,21.1667,79.65,20.63,70,4,1.35,IN,1730671015
443,kualakapuas,-3.0091,114.3876,22.94,95,100,0.78,ID,1730671016
444,kangaba,11.9333,-8.4167,25.95,44,21,1.46,ML,1730671017
445,mar del plata,-38.0023,-57.5575,16.08,85,75,10.28,AR,1730671019
446,kiunga,-6.1219,141.2906,24.0,95,100,0.59,PG,1730671020
447,whangarei,-35.7317,174.3239,18.09,44,15,0.84,NZ,1730670988
448,saint-pierre,-21.3393,55.4781,22.82,78,0,1.54,RE,1730671022
449,hailar,49.2,119.7,-6.42,74,17,5.62,CN,1730671023
450,nadym,65.5333,72.5167,-2.85,95,83,9.52,RU,1730671024
451,banda aceh,5.5577,95.3222,26.39,78,100,4.04,ID,1730671026
452,ca mau,9.1769,105.15,23.87,97,98,1.71,VN,1730671028
453,onguday,50.75,86.15,-0.78,92,100,1.83,RU,1730671029
454,alo,6.5486,4.2686,26.54,85,71,2.44,NG,1730671032
455,pathein,16.7833,94.7333,23.78,87,100,1.87,MM,1730671033
456,hovd,48.0056,91.6419,-2.66,65,24,0.9,MN,1730671034
457,najran,17.4924,44.1277,18.38,30,0,0.32,SA,1730671035
458,ludvika,60.1496,15.1878,2.65,60,99,3.99,SE,1730671036
459,minot air force base,48.4209,-101.3391,11.1,87,100,3.09,US,1730671037
460,kununurra,-15.7667,128.7333,25.99,78,5,2.57,AU,1730671039
461,el granada,37.5027,-122.4694,21.24,47,20,6.69,US,1730671040
462,qeshm,26.9581,56.2719,27.54,67,0,1.8,IR,1730671041
463,tucuma,-0.1833,-50.05,27.45,69,43,5.5,BR,1730671042
464,peniche,39.3558,-9.3811,20.67,77,100,3.82,PT,1730671043
465,gore,-46.1028,168.9436,11.1,66,99,1.73,NZ,1730671044
466,agat village,13.3886,144.6585,29.09,86,0,2.57,GU,1730671046
467,pudozh,61.8099,36.5345,-2.78,94,100,0.81,RU,1730671047
468,uttar char fasson,22.2332,90.7132,24.32,75,0,3.41,BD,1730671048
469,concepcion de la sierra,-27.9831,-55.5203,26.28,67,47,4.28,AR,1730671049
470,klaksvik,62.2266,-6.589,10.66,93,27,6.96,FO,1730671050
471,maxixe,-23.8597,35.3472,22.84,81,1,4.43,MZ,1730671052
472,madera,37.1666,-119.8343,19.37,53,0,1.58,US,1730671053
473,nosy varika,-20.5833,48.5333,21.79,94,8,1.91,MG,1730671054
474,yatou,37.15,122.3833,12.6,54,55,7.77,CN,1730671056
475,vorkuta,67.5,64.0,-4.41,87,100,6.63,RU,1730671058
476,almeirim,-1.5233,-52.5817,32.39,44,54,3.69,BR,1730671059
477,sombrerete,23.6333,-103.65,19.25,31,52,11.66,MX,1730671060
478,cherepovets,59.1333,37.9,-4.1,93,40,0.0,RU,1730671061
479,kuanda,56.3161,116.0806,-10.14,96,100,0.19,RU,1730671062
480,quatre cocos,-20.2078,57.7625,23.38,80,57,3.89,MU,1730671064
481,holyhead,53.3062,-4.6321,12.0,82,100,4.63,GB,1730671065
482,ocean shores,46.9737,-124.1563,13.34,82,40,5.14,US,1730671066
483,nurota,40.5614,65.6886,19.36,32,97,6.06,UZ,1730671067
484,sur,22.5667,59.5289,27.92,39,0,2.62,OM,1730671068
485,jinchang,38.4953,102.1739,7.03,37,100,2.04,CN,1730671069
486,crowley,30.2141,-92.3746,27.0,69,25,6.81,US,1730671071
487,embarcacion,-23.209,-64.096,28.45,70,59,1.8,AR,1730671072
488,sittwe,20.15,92.9,24.99,88,8,2.97,MM,1730671073
489,ukiah,39.1502,-123.2078,18.94,47,0,4.63,US,1730671074
490,mangrol,21.1167,70.1167,26.76,53,5,3.65,IN,1730671075
491,corner brook,48.9667,-57.9484,0.99,68,93,3.35,CA,1730671077
492,miramichi,47.0043,-65.4654,0.4,57,20,2.91,CA,1730671078
493,mutuali,-14.8706,37.0044,25.04,64,81,2.24,MZ,1730671079
494,fort st. john,56.2499,-120.8529,4.94,60,40,6.69,CA,1730671080
495,ixtapa,20.7,-105.2,29.57,68,38,2.24,MX,1730671081
496,marsh harbour,26.5412,-77.0636,25.37,74,0,9.38,BS,1730671082
497,ceeldheer,3.8488,47.1806,26.45,79,100,2.92,SO,1730671084
498,fort bragg,35.139,-79.006,19.91,53,0,3.09,US,1730671085
499,ende,-8.8432,121.6623,24.0,90,95,0.39,ID,1730671086
500,berdigestyakh,62.0989,126.6992,-18.78,99,100,1.1,RU,1730671087
501,naduvattam,11.4833,76.5667,12.66,95,58,1.52,IN,1730671088
502,bubaque,11.2833,-15.8333,28.3,74,90,4.16,GW,1730671091
503,shahrud,36.4182,54.9763,13.64,51,62,1.02,IR,1730671092
504,nayoro,44.3506,142.4578,2.98,98,100,2.29,JP,1730671093
505,sao jose da coroa grande,-8.8978,-35.1478,25.29,70,89,5.47,BR,1730671094
506,shingu,33.7333,135.9833,18.0,78,97,2.09,JP,1730671096
507,zaragoza,41.6561,-0.8773,15.25,84,100,1.54,ES,1730671097
508,strathalbyn,-35.2667,138.9,14.73,88,1,2.24,AU,1730671099
509,nguigmi,14.2495,13.1092,24.89,25,42,5.14,NE,1730671100
510,kiiminki,65.1314,25.7974,-2.04,73,3,3.14,FI,1730671101
511,puerto deseado,-47.7503,-65.8938,18.69,19,98,11.36,AR,1730671103
512,pisco,-13.7,-76.2167,22.03,73,0,9.26,PE,1730671104
513,yelizovo,53.1873,158.3805,-7.92,57,0,3.0,RU,1730670827
514,york,40.1254,-77.0,12.53,31,22,1.85,US,1730671106
515,cole harbour,44.6724,-63.4751,3.79,63,32,2.68,CA,1730671107
516,reggane,26.7158,0.1714,26.84,15,86,1.52,DZ,1730671109
517,nyurba,63.2842,118.3319,-20.36,100,94,1.27,RU,1730671110
518,roggiano gravina,39.6182,16.1597,9.81,74,75,1.29,IT,1730671111
519,sosnovo-ozerskoye,52.5249,111.5418,-9.52,70,89,3.39,RU,1730671112
520,dickinson,29.4608,-95.0513,28.37,83,75,7.72,US,1730671113
521,sinan,34.8262,126.1086,17.82,72,75,3.47,KR,1730671114
522,sanctuary point,-35.1114,150.629,17.17,74,100,0.71,AU,1730671116
523,ioannina,39.6675,20.8508,7.86,87,96,0.0,GR,1730671117
524,corfu,39.62,19.9197,16.01,94,0,1.54,GR,1730671118
525,cozumel,20.5083,-86.9458,28.3,80,0,5.39,MX,1730671119
526,kiama,-34.6833,150.8667,18.54,79,100,0.89,AU,1730671120
527,amga,60.8953,131.9608,-25.14,100,99,0.13,RU,1730671122
528,kievka,50.2619,71.5514,8.84,62,80,7.24,KZ,1730671123
529,hilo,19.7297,-155.09,27.85,72,75,2.68,US,1730671124
530,khvoynaya,58.9,34.5333,-1.29,98,100,1.98,RU,1730671125
531,san antonio,29.4241,-98.4936,30.86,59,75,8.75,US,1730670971
532,srisailain,16.0833,78.8667,20.38,94,84,1.26,IN,1730671127
533,anahuac,27.2333,-100.15,33.35,38,47,7.26,MX,1730671129
534,ramnagar,29.4,79.1167,19.63,75,0,1.54,IN,1730671130
535,turpan,42.9333,89.1667,9.49,50,1,0.09,CN,1730671131
536,gunsan,35.9786,126.7114,14.94,94,100,3.09,KR,1730671132
537,antsiranana,-12.2787,49.2917,24.04,86,1,1.9,MG,1730671133
538,tralee,52.2704,-9.7026,12.22,79,100,1.98,IE,1730671135
539,sao pedro,-22.5486,-47.9139,20.43,94,100,2.75,BR,1730671136
540,magdagachi,53.45,125.8,-12.04,94,22,1.83,RU,1730671137
541,formosa do rio preto,-11.0483,-45.1931,29.37,42,31,2.74,BR,1730671138
542,siwa oasis,29.2041,25.5195,19.76,68,5,3.57,EG,1730671139
543,nikolayevsk-on-amure,53.1406,140.73,-7.65,83,61,1.34,RU,1730671140
544,ha'il,27.5219,41.6907,19.01,100,0,0.0,SA,1730671142
545,manaure,11.7751,-72.4445,26.11,81,100,3.23,CO,1730671143
546,loikaw,19.6742,97.2094,17.23,88,39,1.36,MM,1730671145
547,la barceloneta,41.3807,2.1899,19.31,81,75,6.17,ES,1730671147
548,waddan,29.1614,16.139,18.3,68,0,3.98,LY,1730671148
549,usogorsk,63.4106,48.6872,-3.31,82,95,4.32,RU,1730671150
550,uchkeken,43.9378,42.5117,-3.08,95,80,1.36,RU,1730671151
551,la passe,45.5549,-0.8967,14.81,84,13,3.58,FR,1730671152
552,kangding,30.0513,101.9603,8.0,96,95,1.74,CN,1730671154
553,altay,47.8667,88.1167,1.28,67,95,2.66,CN,1730671155
554,griffith,41.5284,-87.4237,16.92,57,100,6.69,US,1730671156
555,huarmey,-10.0681,-78.1522,20.62,77,33,5.16,PE,1730671157
556,esmeralda,21.8525,-78.1169,26.34,71,29,5.55,CU,1730671158
557,san borja,-14.8167,-66.85,30.67,54,99,0.89,BO,1730671160
558,palm coast,29.585,-81.2078,26.7,79,11,1.79,US,1730671161
559,kuruman,-27.4524,23.4325,24.0,33,86,2.13,ZA,1730671162
560,zhanaozen,43.3,52.8,6.64,70,100,8.98,KZ,1730671163
561,coquimbo,-29.9533,-71.3436,16.1,63,75,3.6,CL,1730671164
562,hotan,37.0997,79.9269,10.66,33,75,0.98,CN,1730671165
563,saint-francois,46.4154,3.9054,9.12,94,100,3.09,FR,1730671167
564,trincomalee,8.5711,81.2335,26.25,82,94,1.66,LK,1730671168
565,tynda,55.1667,124.7167,-17.99,98,45,1.31,RU,1730671169
566,gypsum,39.6469,-106.9517,8.31,39,75,2.57,US,1730671170
567,wotho,10.1657,166.0102,28.52,73,98,2.36,MH,1730671171
568,shar'ya,58.3686,45.5144,-3.49,83,72,2.61,RU,1730671173
569,christchurch,-43.5333,172.6333,16.85,48,87,5.14,NZ,1730671026
570,revda,56.801,59.9303,-3.91,81,100,7.11,RU,1730671175
571,tuzha,57.6062,47.936,-2.99,91,84,4.1,RU,1730671176
572,lubbock,33.6001,-101.8338,24.14,27,20,10.8,US,1730671177
573,coxim,-18.5067,-54.76,23.37,93,85,2.87,BR,1730671179
574,vila franca do campo,37.7167,-25.4333,19.23,99,43,5.95,PT,1730671180
575,chenaran,36.6455,59.1212,16.8,37,66,0.84,IR,1730671181
576,kalevala,65.2,31.1667,-2.12,68,21,4.86,RU,1730671182
577,barabai,-2.5833,115.3833,23.0,98,100,0.3,ID,1730671184
578,thayetmyo,19.3167,95.1833,22.77,90,54,1.45,MM,1730671186
579,carauari,-4.8828,-66.8958,21.43,97,100,4.18,BR,1730671187
580,taupo,-38.6833,176.0833,9.53,62,13,0.72,NZ,1730670926
581,timbuktu,16.7735,-3.0074,28.81,14,23,4.59,ML,1730671189
582,richards bay,-28.783,32.0377,22.08,90,100,2.8,ZA,1730671190
583,ried im innkreis,48.2112,13.4886,4.04,92,47,1.34,AT,1730671192
584,kerman,30.2832,57.0788,14.92,38,0,2.06,IR,1730671002
